,latitude,longitude,street_name,Volume
0,19.406209412582715,-99.16226641613498,Avenida Baja California,0.032441398610692763
1,19.410799688386998,-99.15783099834543,Calle Toluca,0.05296325218107324
2,19.422209453544287,-99.1566485245094,Calle Frontera,0.0422078465346581
3,19.4043466863332,-99.16173061523493,Calle Torreón,0.038367475012643745
4,19.418118960816464,-99.17071928910102,Calle Cozumel,0.025268673895947256
5,19.41800853997345,-99.17069177858667,Calle Cozumel,0.0252676304149064
6,19.412989938733062,-99.16528752475105,Calle San Luis Potosí,0.019497809997143265
7,19.423989316451173,-99.16135829479718,Avenida Chapultepec,0.04730555553132341
8,19.405381120313773,-99.16040461287216,Calle Tehuantepec,0.03843363781714157
9,19.414629428424007,-99.15695091688707,Calle San Luis Potosí,0.041467820320835055
10,19.4017273341067,-99.16981580644794,Avenida Insurgentes Sur,0.014751318247223661
11,19.419947711836436,-99.15607655154903,Calle Tabasco,0.05533402275326036
12,19.40716714029393,-99.16746555248191,Calle Tlaxcala,0.04579963921019185
13,19.423434048754295,-99.15776428232226,Calle Puebla,0.027472174206406897
14,19.421803734660102,-99.16652290508978,Calle Puebla,0.026330650319390383
15,19.42282990526794,-99.16556885559181,Avenida Monterrey,0.02639247435861112
16,19.40689526443857,-99.16449404730123,Calle Minatitlán,0.030442129961682968
17,19.410571097551614,-99.15786185010842,Calle Toluca,0.03641360745184581
18,19.419713313677853,-99.16805271434879,Calle Durango,0.03398464382494159
19,19.40832031160606,-99.166942283466,Calle Tlacotalpan,0.0300519784874646
20,19.404837308717386,-99.16677653476445,Calle Anahuac,0.038724159751961626
21,19.4184922801566,-99.15815760756217,Avenida Álvaro Obregón,0.0245273004607564
22,19.407397270919784,-99.166729376762,Calle Tlacotalpan,0.030079683204008077
23,19.40412447677881,-99.16877218944799,Calle Chilpancingo,0.03221632525632494
24,19.419805638448594,-99.16681092727083,Calle Durango,0.034619914954264544
25,19.407677572544106,-99.16788102141201,Avenida Insurgentes Sur,0.04398736817345071
26,19.412137668529386,-99.15816789556331,Calle Orizaba,0.027011140079864708
27,19.420799980167153,-99.16704178199717,Calle Sinaloa,0.03613888330555553
28,19.407399991487246,-99.16460667017664,Calle Minatitlán,0.03819977238888016
29,19.406099760572705,-99.16115938478113,Avenida Monterrey,0.018383363314110102
30,19.40455406401496,-99.15922866547444,Calle Bajío,0.03860733690499331
31,19.417870848678326,-99.16817723971224,Avenida Oaxaca,0.02587823673165259
32,19.42026261145891,-99.16950355361054,Calle Sinaloa,0.020085193609191337
33,19.408159039435354,-99.15997657094715,Calle Jalapa,0.05277916934500608
34,19.419324400412396,-99.17259788655977,Calle Guadalajara,0.05471626368459144
35,19.41313447533139,-99.16115982599322,Avenida Yucatán,0.044843273420680646
36,19.407055965909557,-99.16452990553752,Calle Minatitlán,0.03045315768961959
37,19.411153563787916,-99.16439550230402,Avenida Medellín,0.022334361649160847
38,19.42192238115325,-99.15657818052227,Calle Frontera,0.040757999343802115
39,19.42076558179136,-99.17513630495729,Avenida Chapultepec,0.03420138620314178
40,19.419008761125934,-99.16715540925239,Avenida Oaxaca,0.023676843172039698
41,19.41800086673844,-99.17172169629144,Avenida Sonora,0.035641857147573945
42,19.415365186128657,-99.16359381030152,Avenida Monterrey,0.016968470199257412
43,19.42141783416079,-99.17244913180329,,0.04968053881306086
44,19.412688291583777,-99.16308396822446,Calle José Alvarado,0.02904143650484501
45,19.41454733634073,-99.15475001334143,Calle Frontera,0.04013129112600383
46,19.40806829875371,-99.16291636909632,Calle Tlaxcala,0.0306627037203856
47,19.406957256336952,-99.15689814762798,Calle Toluca,0.03629114968486181
48,19.421083137962338,-99.1609464423016,Calle Plaza Río de Janeiro,0.03698852760166195
49,19.42428617656123,-99.15388094322138,Calle Puebla,0.026448937145972917
50,19.419972553384714,-99.15596709859555,Calle Tabasco,0.05528458972398308
51,19.40916057586284,-99.16278900396387,Calle Aguascalientes,0.04363407106014773
52,19.401584558636447,-99.16975735934192,Calle Nogales,0.05190898495338829
53,19.4040556052393,-99.16176718470055,Calle Bajío,0.04880621612357945
54,19.404076699150714,-99.16167096378926,Calle Torreón,0.038347067274838796
55,19.404145932123022,-99.15697755160855,,0.050526192781647467
56,19.414862872242033,-99.1645540891927,Calle Zacatecas,0.02176600941939067
57,19.413623171688084,-99.15853695787534,Calle Orizaba,0.026873541926758965
58,19.406761836355564,-99.1613354096359,Avenida Monterrey,0.0182540116004129
59,19.402309252849925,-99.16681608631177,Calle Tuxpan,0.03105920151804068
60,19.404313086077455,-99.16589716259848,Calle Tehuantepec,0.032826917797909146
61,19.407720211268945,-99.164687206348,Calle Tlaxcala,0.02943986099733554
62,19.40330537546809,-99.16930208286689,Avenida Insurgentes Sur,0.045646851121289425
63,19.424695446409437,-99.15851875770394,Avenida Chapultepec,0.03194975697077868
64,19.407035247535216,-99.165086509587,Calle Manzanillo,0.029737592414362128
65,19.41768132344369,-99.15963240332295,Calle Orizaba,0.03688317465508436
66,19.41824199420821,-99.1596911268098,Calle Orizaba,0.02459371176781414
67,19.421602406214205,-99.17142913415202,Avenida Chapultepec,0.04460890921592788
68,19.418661643548,-99.15980062494866,Calle Orizaba,0.02081350553483615
69,19.400925477247675,-99.16797443329368,,0.058910125300623714
70,19.406409585375574,-99.15872415010742,Avenida Baja California,0.04353414929790074
71,19.41172471368149,-99.15777046492282,Calle Antonio M. Anza,0.02697556915561632
72,19.407478462082626,-99.1552487262971,Calle Huatabampo,0.010080481974046061
73,19.41583850821565,-99.16537681620534,Avenida Insurgentes Sur,0.0451160253907963
74,19.41340963619379,-99.15727411984305,Calle Córdoba,0.041431016004112864
75,19.41722613158228,-99.15951765690971,Calle Orizaba,0.042113726479252385
76,19.40661525554458,-99.1583511441303,Calle Ures,0.043500597344406804
77,19.4183820187406,-99.15978518824318,Avenida Álvaro Obregón,0.020776526688196358
78,19.405210415042447,-99.16754692116349,Calle Tuxpan,0.03199744155512926
79,19.419093173656854,-99.17089231220591,Calle Durango,0.023356252190789246
80,19.42328113911886,-99.15972061702446,Calle Córdoba,0.047158463428748264
81,19.403472004885085,-99.16522510017572,Calle Salina Cruz,0.03903639415695459
82,19.411789944044465,-99.16554609908223,Calle Chiapas,0.031219324905607013
83,19.419465904326987,-99.16966406963982,Calle Salamanca,0.019963503454982927
84,19.408294997488344,-99.1618212354695,Calle Tlaxcala,0.030641283468993114
85,19.402000238092448,-99.16673742468055,Calle Tuxpan,0.03105495875028881
86,19.42350537662728,-99.15745050962252,Calle Puebla,0.042132560810915265
87,19.4031986080673,-99.16704251189371,Calle Tuxpan,0.03942961093385057
88,19.4049968492602,-99.16749103256319,Calle Tuxpan,0.0483815979424328
89,19.425503543328997,-99.15489384913441,Avenida Chapultepec,0.035042571244968054
90,19.421182789815198,-99.16518705820538,Avenida Oaxaca,0.023551218528850233
91,19.41382557395757,-99.15516965601338,Calle Chiapas,0.04162527378366997
92,19.40025069469938,-99.1693407779588,Viaducto Miguel Alemán,0.043144490661898446
93,19.410793037219122,-99.16081610925274,Calle Tonalá,0.03737198539991344
94,19.406542468298678,-99.15833373483055,Calle Ures,0.04349017490590863
95,19.41965119227034,-99.1729965000445,Avenida Sonora,0.035605836090702454
96,19.411268559089578,-99.15803460555315,Calle Toluca,0.036360742218644784
97,19.40302812962493,-99.16058759583511,Viaducto Miguel Alemán,0.033868033459321024
98,19.42202587449658,-99.16441325232645,Avenida Oaxaca,0.015634268514656283
99,19.406047991149777,-99.16318047029618,Avenida Medellín,0.022923420122643257
100,19.41598365441266,-99.16384418752429,Calle Guanajuato,0.016562369334060842
101,19.403377494835823,-99.16522030401427,Calle Bajío,0.03939779239109447
102,19.408776761546914,-99.16203667058248,Calle Actopan,0.030740265761781016
103,19.419613950398293,-99.17610788101315,Calle Veracruz,0.035991129684329125
104,19.40697401217492,-99.16059957353623,Calle Linares,0.04956949076569323
105,19.416207965923565,-99.1577568783724,Calle Zacatecas,0.028734079641724145
106,19.406931111907372,-99.15781857265473,Calle Ixtlán,0.033411316749648486
107,19.421367181015547,-99.17300851844031,Avenida Chapultepec,0.04296994167725001
108,19.416107728604164,-99.15827789843425,Calle Zacatecas,0.02804816164067922
109,19.418825850090798,-99.15755809739883,Avenida Álvaro Obregón,0.020988473716883477
110,19.409446075332546,-99.16677620723182,Calle Campeche,0.030007176063645502
111,19.419622720318642,-99.16122380865082,Calle Colima,0.025491344074350657
112,19.411656723438423,-99.1596951850251,Calle Jalapa,0.05110674756242303
113,19.41305616004934,-99.16102451229061,Avenida Yucatán,0.044832706531733116
114,19.40468550452004,-99.16605884466463,Calle Tlacotalpan,0.03931455057272115
115,19.416104949897605,-99.17114945108888,Calle Parque España,0.04756405862065531
116,19.422900141693262,-99.16558849034716,Avenida Monterrey,0.04466425598495516
117,19.42020155882628,-99.1732803292321,Avenida Sonora,0.02651539405871952
118,19.404202702648337,-99.16869352133618,,0.04867747288313136
119,19.40737962586799,-99.15723832611019,Calle Huatabampo,0.03679524203053579
120,19.41288809252114,-99.15992046087162,Calle Chiapas,0.04480679422207674
121,19.41365322743476,-99.15608726163195,Calle Chiapas,0.0488788267463059
122,19.409245915816346,-99.16197439747633,Avenida Monterrey,0.030846776072269363
123,19.404079798350047,-99.16267423978722,Avenida Medellín,0.02304281113114328
124,19.416099817589412,-99.15831948450632,Calle Zacatecas,0.02801855352837784
125,19.40260070524736,-99.16198430354544,Viaducto Miguel Alemán,0.03385654976581909
126,19.416923478026938,-99.16914832737335,Avenida Oaxaca,0.0452162042257898
127,19.421628331457455,-99.16005872588657,Calle Plaza Río de Janeiro,0.0470464127013049
128,19.414121985479422,-99.1546782611744,Avenida Cuauhtémoc,0.010794015035433969
129,19.41997474510304,-99.17081958303827,Calle Sinaloa,0.03604790490873753
130,19.40594188591531,-99.15751462021971,Calle Tehuantepec,0.0335988851553017
131,19.416616181101624,-99.16713266220242,Avenida Yucatán,0.02781696321348527
132,19.42039286036915,-99.16591491503941,Avenida Oaxaca,0.023565242047670718
133,19.420210724072216,-99.16316521032641,Calle Tonalá,0.0314110949608431
134,19.405547458016773,-99.16202281447597,"Calle Quintana Roo, Calle Torreón",0.052211991693865506
135,19.408054609677425,-99.16027959077039,Calle Tepeji,0.030997727068731697
136,19.41332391089877,-99.15854689921005,Calle Orizaba,0.0362577986402935
137,19.415903763724934,-99.15478819026723,Avenida Querétaro,0.041315228941535914
138,19.402193852849603,-99.1661398533551,Calle Anahuac,0.03214076766249843
139,19.42049065502749,-99.15520369545742,Calle Morelia,0.05562754450524158
140,19.422928519212046,-99.160950288996,Calle Orizaba,0.054296247132052014
141,19.40207788250905,-99.16402791432182,Viaducto Miguel Alemán,0.028815327692135153
142,19.4172350961796,-99.17178834775082,Calle Colima,0.03569587666865788
143,19.406744940519243,-99.15980983495014,Calle Tonalá,0.03034200767247911
144,19.40880277026903,-99.166106422708,Calle Cuyutlán,0.02985750674293826
145,19.413345743908106,-99.16303950081718,Avenida Monterrey,0.0172903830168006
146,19.403964970719347,-99.16657372345925,Calle Anahuac,0.038662054333706425
147,19.418709188551535,-99.17399142911829,Calle Acapulco,0.03583748120197011
148,19.4020714473559,-99.16947307152323,Calle Hermosillo,0.0188888556881379
149,19.406823054581743,-99.16387211989908,Calle Tepic,0.029666978236784006
150,19.406783373909388,-99.16055306717269,Calle Linares,0.04961358448084994
151,19.414682452145836,-99.16180052210888,Calle Tonalá,0.028412384605409003
152,19.41716007653535,-99.16240358017536,Calle Tonalá,0.024775733746392366
153,19.40076772646283,-99.1688559578535,Calle Huatusco,0.0354925730242174
154,19.418385335324405,-99.16459017809953,Avenida Insurgentes Sur,0.05854298983299801
155,19.418774575234035,-99.1662795111316,Avenida Medellín,0.02849547521706504
156,19.42171270240345,-99.1578447860991,Calle Durango,0.04040670188558945
157,19.401035945161745,-99.16981669065667,Calle Huatusco,0.04317251481219951
158,19.416939683600624,-99.15902668544098,Calle Guanajuato,0.02834793629555746
159,19.42220541334614,-99.15562797053312,Calle Morelia,0.04208889301578704
160,19.403457766948623,-99.16575919721996,Calle Tlacotalpan,0.03225555606011663
161,19.40527077988824,-99.16606945762038,Calle Quintana Roo,0.039284210479466446
162,19.404929609515264,-99.16611891700182,Calle Tlacotalpan,0.03931803312293545
163,19.409122590060296,-99.1574172974795,Calle Toluca,0.03670178761902217
164,19.41386685715127,-99.16520863791462,Avenida Querétaro,0.021880557653252607
165,19.412127249982355,-99.16642893674292,Avenida Insurgentes Sur,0.045919065456215394
166,19.40699820438204,-99.16341310883462,Avenida Medellín,0.030927512299741874
167,19.419925726628744,-99.17306663259657,Avenida Sonora,0.026513402718483313
168,19.41134104265317,-99.16252833534212,Calle Coahuila,0.017758811626497936
169,19.408018037290315,-99.16474905365075,Calle Minatitlán,0.03815900140086443
170,19.412281525970478,-99.1577386943673,Calle Coahuila,0.04056367014342212
171,19.42129760356305,-99.16358910336082,Avenida Insurgentes Sur,0.013887043492402402
172,19.421039923400656,-99.16850216379268,Calle Valladolid,0.03608301222589463
173,19.416878590219678,-99.15935380338416,Calle Guanajuato,0.0279690311651034
174,19.419236349891477,-99.15949470293776,Calle Tabasco,0.0396417433234278
175,19.40946445638766,-99.15504541004492,Avenida Cuauhtémoc,0.026034113105792733
176,19.41970535454607,-99.15724446531526,Calle Tabasco,0.04095515232964527
177,19.40331361186684,-99.1646869698727,Calle Puerto México,0.0327742096102777
178,19.416232130102422,-99.17232734037604,Calle Veracruz,0.05167268275312831
179,19.41881509488294,-99.15652098369453,Avenida Álvaro Obregón,0.024434943036120337
180,19.41589223945098,-99.16535832562506,Avenida Insurgentes Sur,0.03150905084152209
181,19.418362046930515,-99.17423853312604,Calle Durango,0.02322854706233636
182,19.403487246057562,-99.15937489963048,,0.05073006994781064
183,19.42099598158258,-99.17389043078788,Avenida Sonora,0.047860460197202165
184,19.412401698899515,-99.16451364063037,Calle José Alvarado,0.029014515811285585
185,19.41551284122663,-99.15652938740376,Calle Mérida,0.04005908904351531
186,19.415937962817782,-99.16605911209663,Avenida Yucatán,0.04518501495842134
187,19.413111770238096,-99.1613664328627,Avenida Yucatán,0.037211793940075615
188,19.41517038249847,-99.15855336081336,Avenida Querétaro,0.03654153707669517
189,19.418822919179778,-99.16629172635845,Avenida Medellín,0.028488728297637475
190,19.413095606374878,-99.16475579156284,Calle San Luis Potosí,0.02205654748027804
191,19.40739892233778,-99.15677406912046,Calle Huatabampo,0.04894396444839554
192,19.40700586627296,-99.16046343035525,Cerrada Linares,0.04913235434755335
193,19.404659017236874,-99.16605232636202,Calle Tlacotalpan,0.03930619382690649
194,19.4173892184283,-99.16492736432795,Avenida Álvaro Obregón,0.03145129246217845
195,19.420867406421106,-99.16258213291802,Calle Pomona,0.03173872195521887
196,19.415074618828267,-99.15902962930133,Avenida Querétaro,0.04201810060874496
197,19.407392515620828,-99.15697178764766,Calle Huatabampo,0.0489378312122042
198,19.404765741877448,-99.16743449323278,Calle Tuxpan,0.048374729861709966
199,19.417893761364947,-99.16586721375997,Calle Tabasco,0.04379975602267296
200,19.418558283419962,-99.15985791938824,Calle Orizaba,0.039554052958471184
201,19.41360210388877,-99.16212752660914,Avenida Yucatán,0.021481357528054995
202,19.419563117632386,-99.1614924264136,Calle Colima,0.025508584075180286
203,19.4074369982928,-99.15606189890558,Calle Huatabampo,0.04902217597794688
204,19.4068364335394,-99.16659359314602,Calle Tlacotalpan,0.03857713863323288
205,19.416164191527614,-99.15449296071915,Avenida Cuauhtémoc,0.01172141169034844
206,19.41077702337645,-99.16546041923479,Calle Coahuila,0.02255830475865432
207,19.422887512461205,-99.16017235223076,Calle Puebla,0.04015920949424698
208,19.40746426578927,-99.15554560437583,Calle Huatabampo,0.009822628120510983
209,19.41984876361101,-99.1601975204564,Calle Colima,0.025473829518187864
210,19.41187100000376,-99.15931221823516,Calle Antonio M. Anza,0.037041682197926654
211,19.41980629026174,-99.15675759168718,Calle Tabasco,0.040983457669480736
212,19.422553016723402,-99.16085767387484,Calle Orizaba,0.03983221068577041
213,19.41689047058984,-99.16267197076564,Calle Chihuahua,0.02789208073465195
214,19.4144150217912,-99.15625122979993,Calle Mérida,0.04159272682341379
215,19.41689457913721,-99.15813870708206,Calle Córdoba,0.02833489213321403
216,19.401255707861058,-99.16655466397825,Calle Tuxpan,0.031061203235964032
217,19.40128729292039,-99.16803591271912,Calle Chilpancingo,0.04267248685059188
218,19.418645833314088,-99.16227488445564,Calle Tabasco,0.0397667320739881
219,19.4186098770204,-99.16442368162859,Avenida Monterrey,0.04652061163637417
220,19.421366265401062,-99.16850075103743,Calle Puebla,0.039991826399623016
221,19.410004936063242,-99.16382673583351,Calle Campeche,0.037557836557469394
222,19.4132267833495,-99.16409298099798,Calle San Luis Potosí,0.022091858693636966
223,19.403337611774077,-99.16572998316825,Calle Tlacotalpan,0.03225369873151355
224,19.410952787838614,-99.16241641330924,Avenida Monterrey,0.029246207973577014
225,19.419675788142712,-99.16598809394038,Plaza de Madrid,0.028559620409837522
226,19.421072487970836,-99.15484093601378,Calle Colima,0.05582907247429607
227,19.402331296278145,-99.16755294881001,Calle Iguala,0.03294662093221433
228,19.406423294983206,-99.15830535686223,Calle Ures,0.04864866062337507
229,19.405594365850597,-99.16438290872254,Calle Quintana Roo,0.03925198877905821
230,19.42439088456539,-99.15978395259322,Avenida Chapultepec,0.04433546253841045
231,19.41905807098769,-99.17407815700638,Calle Acapulco,0.03583638781644574
232,19.409736431616867,-99.1625192229409,Calle Nayarit,0.03778581400258199
233,19.419521921940955,-99.17288850127154,Calle Sinaloa,0.03557251020238439
234,19.41390145241061,-99.15860658427336,Calle Orizaba,0.026845772703047784
235,19.415030108834856,-99.1576694520602,Calle Córdoba,0.041908954906164135
236,19.407479710658432,-99.16519291867611,Calle Manzanillo,0.029732597313483277
237,19.421714759722587,-99.16469785432932,Avenida Oaxaca,0.015445356507597104
238,19.41915467364371,-99.15988860964863,Calle Tabasco,0.03965011884906518
239,19.41099393625615,-99.15493311828622,Avenida Cuauhtémoc,0.026144124085633127
240,19.401553295743433,-99.16964655690009,Calle Nogales,0.05199285408497813
241,19.407887774551643,-99.15721683528265,Calle Toluca,0.05330046970676993
242,19.40069629227976,-99.16740150659582,,0.050042405095018866
243,19.404706879147163,-99.15928461950995,Calle Tonalá,0.03232101692174595
244,19.420713522625654,-99.16329144770553,Calle Tonalá,0.013612671266586704
245,19.411717498810837,-99.16054730411844,Calle Coahuila,0.05100093786816575
246,19.403092874578626,-99.16037605396428,Viaducto Miguel Alemán,0.03388507680074585
247,19.41958332271559,-99.1726090741184,Calle Sinaloa,0.05485793326625132
248,19.422289648412704,-99.16885237015913,Avenida Chapultepec,0.054447385334782286
249,19.419798565246055,-99.16403283598653,Avenida Insurgentes Sur,0.046690533453203495
250,19.40598041403041,-99.16690439298355,Avenida Baja California,0.03014923665054224
251,19.40497903936467,-99.16509837931406,Calle Puerto México,0.032729702186028
252,19.41895876549226,-99.16413336286479,Calle Colima,0.046606119811929025
253,19.408774133786483,-99.1620504098279,Calle Actopan,0.030815250049496735
254,19.420889838119123,-99.15563285058373,Calle Colima,0.0258360177586487
255,19.41248487055242,-99.16030509559852,Avenida Yucatán,0.037253951475286644
256,19.41601078737653,-99.171991094552,Calle Veracruz,0.051624609229642696
257,19.41685990483822,-99.1568748894712,Calle Mérida,0.04110613703430433
258,19.41032433628197,-99.16215352778164,Calle Campeche,0.03760424708634887
259,19.411752847505884,-99.16454630443269,Avenida Medellín,0.02230468888761062
260,19.404002659360412,-99.16349407780895,Calle Monclova,0.038809933997147765
261,19.400811181676893,-99.16801101426775,,0.06000916205181591
262,19.41849533206157,-99.1581421556367,Avenida Álvaro Obregón,0.024554756274291302
263,19.413764921396236,-99.15866026998089,Calle Orizaba,0.03624576469499791
264,19.420302096071048,-99.17335722439572,Avenida Sonora,0.04786218861819198
265,19.41724966354433,-99.16083499541948,Calle Chihuahua,0.042487475856745394
266,19.416767998577225,-99.15685059983466,Calle Mérida,0.04113550077558366
267,19.415902148585822,-99.1547966335605,Avenida Querétaro,0.04129914890768867
268,19.402746809637833,-99.16194079797215,Viaducto Miguel Alemán,0.03202595843692591
269,19.405781765614243,-99.16632867974658,Calle Tlacotalpan,0.030123396038526356
270,19.413781500096764,-99.16241562611879,Avenida Yucatán,0.044880117725764876
271,19.41369572150276,-99.16226067138288,Avenida Yucatán,0.044908953783300204
272,19.423971822770074,-99.16143972219866,Avenida Chapultepec,0.04734889191614969
273,19.41914988106371,-99.15484321160092,Avenida Álvaro Obregón,0.04993463628696042
274,19.42003786564593,-99.17052772229943,Calle Sinaloa,0.03606342900436506
275,19.419966823814935,-99.17523744126333,Calle Tampico,0.03580716177383724
276,19.423304804894112,-99.16401462666376,Avenida Chapultepec,0.04446370091001141
277,19.418546585290745,-99.16274896355426,Calle Tabasco,0.039776031680807115
278,19.415734957360442,-99.15503447154269,Calle Frontera,0.04128361260095868
279,19.42378805131818,-99.1623805754399,Avenida Chapultepec,0.044371453465053855
280,19.406705420019087,-99.16277733075134,Calle Ario,0.04853486026629894
281,19.417620262405528,-99.16481620815203,Avenida Insurgentes Sur,0.03142189886219643
282,19.406717963540807,-99.16230064354781,Calle Amealco,0.03246998541034522
283,19.413064490057856,-99.16487636664414,Avenida Medellín,0.022110756708965826
284,19.409975782547164,-99.16216262579383,Avenida Monterrey,0.03782240510769446
285,19.413530356545333,-99.16257923062862,Calle San Luis Potosí,0.017170745009174353
286,19.425626186941518,-99.1537534494397,Avenida Cuauhtémoc,0.034869528443475115
287,19.417942210837168,-99.15969891187231,Calle Orizaba,0.03688182516082542
288,19.409430154906087,-99.16667669019132,Calle Champotón,0.029909476293136766
289,19.407802969452607,-99.16469781448053,Calle Minatitlán,0.038157402999176214
290,19.415889592472215,-99.16434708377584,Calle Guanajuato,0.01642866784154008
291,19.41282300721519,-99.16290061158027,Avenida Monterrey,0.017347922886640006
292,19.41902959963219,-99.1680098142257,Calle Valladolid,0.04539836005721139
293,19.402720530073463,-99.16202467865182,Viaducto Miguel Alemán,0.03204539516168353
294,19.416778031193047,-99.17311941495726,Calle Veracruz,0.023929630402199323
295,19.405144409555334,-99.15620622025513,Calle Bajío,0.036347954967273416
296,19.405940048991113,-99.15663525479351,Calle Toluca,0.04345675526210268
297,19.407625420661294,-99.15998139947116,Calle Jalapa,0.027596092463871222
298,19.40403122269364,-99.16535113319067,Calle Salina Cruz,0.039025223949573785
299,19.413701655459548,-99.1617270678788,Calle San Luis Potosí,0.021561391549827308
300,19.401724192694548,-99.16831583111193,Calle Hermosillo,0.01890844182083296
301,19.41589824171531,-99.15909156510368,Calle Orizaba,0.03658610690486773
302,19.40738475942728,-99.15712359504164,Calle Huatabampo,0.03682913020866533
303,19.403580430584608,-99.16713978250908,Calle Tuxpan,0.03942607055472717
304,19.4150070024169,-99.15938002319308,Avenida Querétaro,0.04202234042499951
305,19.417303606740937,-99.16418539266337,,0.05632636006970278
306,19.420448756306694,-99.1666956389776,Avenida Medellín,0.03619279586718724
307,19.407848830795196,-99.1613097939303,Calle Tepeji,0.030990594586637773
308,19.423373626437343,-99.16335942379335,Avenida Chapultepec,0.044349199300396894
309,19.408455151385457,-99.16542651711737,Calle Manzanillo,0.029423664260908006
310,19.420362178686165,-99.17649071295192,Avenida Chapultepec,0.03417023998420191
311,19.41955624123663,-99.15755014861274,Calle Mérida,0.02109281388825808
312,19.42179029307397,-99.16462875796297,Avenida Oaxaca,0.015622749147482039
313,19.422937161591285,-99.16095243629422,Calle Orizaba,0.054321891258411525
314,19.41161687025542,-99.16643007875439,Calle Chiapas,0.04594755913812315
315,19.416108558204403,-99.1631990343597,Calle Guanajuato,0.04110448268504676
316,19.407127989128135,-99.15847648805241,Calle Ures,0.03337306183803382
317,19.413151233483585,-99.15475513225029,Avenida Cuauhtémoc,0.025990839181749898
318,19.41757729224798,-99.17058430694624,Calle Cozumel,0.02528675805365189
319,19.40222130359216,-99.16387246018088,Calle Manzanillo,0.028765149015873685
320,19.41199938945189,-99.15954879437425,Avenida Yucatán,0.0370546343420849
321,19.41369968245562,-99.15584232412537,Calle Chiapas,0.04166662595463354
322,19.414996828829814,-99.15505976381024,Calle San Luis Potosí,0.040065149383350394
323,19.406747655034266,-99.1633524918132,Avenida Medellín,0.029706745456855886
324,19.40743160150017,-99.15708700540225,Calle Toluca,0.053402288725832525
325,19.41584699708714,-99.15661380148435,Calle Mérida,0.042395435499428646
326,19.413048417826246,-99.16138825287814,Calle Tonalá,0.0371894991526077
327,19.404925351377464,-99.16679674375736,Calle Anahuac,0.03872057073905146
328,19.401030464058756,-99.16633609995982,Viaducto Miguel Alemán,0.03365716269591621
329,19.4157503080662,-99.1578565031482,Calle Córdoba,0.02868291991132988
330,19.424893723601308,-99.15767978371645,Avenida Chapultepec,0.03192799217484037
331,19.418814458354483,-99.17497805069713,Calle Tampico,0.04304622581273536
332,19.42151704997541,-99.16352600732147,Avenida Insurgentes Sur,0.013340015586672867
333,19.419079853083936,-99.17095346541774,Calle Durango,0.023367019346588476
334,19.405095454071024,-99.16187094766282,Calle Tehuantepec,0.018336320431599613
335,19.41111341197816,-99.16371170443334,Calle Coahuila,0.017753439603583162
336,19.422369355899793,-99.16717614525434,Avenida Medellín,0.046802113042354876
337,19.420532071166033,-99.15904285198658,Calle Córdoba,0.04133445371452489
338,19.423193691761174,-99.15591716322251,Callejón de San Cristóbal,0.03509376016780079
339,19.411566561763713,-99.16449941130399,Avenida Medellín,0.02234403979559972
340,19.420454580842737,-99.17362863114072,Avenida Sonora,0.03554899097470975
341,19.424512908858134,-99.15529546839318,Cerrada Guaymas,0.03507541628023538
342,19.41300842801219,-99.15476754107813,Avenida Cuauhtémoc,0.025987099692818153
343,19.418148189308457,-99.17493323708162,Calle Veracruz,0.034035058732870146
344,19.400650402715982,-99.16768497577405,Viaducto Miguel Alemán,0.033092540002452875
345,19.40416135030119,-99.1635338600147,Calle Monclova,0.03883288872534501
346,19.402699621231434,-99.16557267815632,Calle Tlacotalpan,0.039361308389597886
347,19.405209322672466,-99.1612948454488,Calle Tehuantepec,0.01826220481036141
348,19.40618822605896,-99.16264448171046,Avenida Baja California,0.03244338671310325
349,19.406320325238664,-99.16652337193821,Calle Tepic,0.03910667790142562
350,19.418539362973956,-99.1739492127071,Calle Acapulco,0.035849404306458756
351,19.42274529682084,-99.16626617260377,Avenida Chapultepec,0.046849346555499466
352,19.421544170531554,-99.16769647090412,Calle Puebla,0.04002246168695121
353,19.420060973192868,-99.15926164875795,Calle Colima,0.025563646443690007
354,19.416748142859102,-99.16810571278624,Avenida Álvaro Obregón,0.02051724249979985
355,19.418471470027164,-99.15983497434928,Calle Orizaba,0.03956485966850366
356,19.421536664755248,-99.1637974739441,Calle Sinaloa,0.01581500108964211
357,19.404381082394536,-99.15830907347927,Calle Misantla,0.038022151502586914
358,19.40129065754736,-99.16871572159882,Calle Nogales,0.05197280231175426
359,19.40993832565007,-99.16151647467228,Calle Nayarit,0.037747828368049234
360,19.40180226901065,-99.16478602990655,Viaducto Miguel Alemán,0.03281315422412868
361,19.42272626223887,-99.16685981623125,Avenida Chapultepec,0.03958909961125191
362,19.421146740637667,-99.16949291484033,Calle Puebla,0.03467715442692095
363,19.42186033228722,-99.1611409867895,Cerrada de Plaza Río de Janeiro,0.03695981675162375
364,19.40547556548348,-99.16200269675713,"Calle Quintana Roo, Calle Torreón",0.052081940118714184
365,19.403276635417622,-99.16467795373873,Calle Puerto México,0.03275702024580223
366,19.424217318292254,-99.16032981906726,Avenida Chapultepec,0.05413849607131471
367,19.421813499672776,-99.155457411739,Cerrada Morelia,0.04943140512478966
368,19.413375520931773,-99.15847499536662,Calle Orizaba,0.026866352001884388
369,19.416838500000065,-99.16898582681988,Calle Salamanca,0.020424926765426555
370,19.410687307767596,-99.16592679446545,Calle Coahuila,0.022517881826509274
371,19.401531283443457,-99.1695685407266,Calle Nogales,0.014258401556079804
372,19.412467178876863,-99.16472653198754,Avenida Medellín,0.02213903594263085
373,19.42137681821384,-99.1564519820789,Calle Frontera,0.040722136519197205
374,19.41668129682681,-99.16845374003128,Avenida Álvaro Obregón,0.02056417604416073
375,19.40774413235237,-99.16183952531881,Calle Tepeji,0.030875077169092956
376,19.41490781980633,-99.16551650243092,Avenida Insurgentes Sur,0.046328933402235054
377,19.406496266631493,-99.1682567672461,Avenida Insurgentes Sur,0.01526020227574873
378,19.4161410243212,-99.1656431463908,Avenida Medellín,0.04507730094060327
379,19.406561387773994,-99.16525532987674,Calle Tepic,0.02976591593333378
380,19.41963500708854,-99.16841116332465,Calle Durango,0.02347691470297955
381,19.41676668907004,-99.15685025374904,Calle Mérida,0.04112719980958395
382,19.405501433235262,-99.16469770197807,Calle Manzanillo,0.03919146279798333
383,19.423553743065572,-99.15421024378686,Calle Real de Romita,0.0478672623147964
384,19.4171359127631,-99.1614189733441,Calle Chihuahua,0.0423053676842929
385,19.421667586941542,-99.17113860036487,Avenida Chapultepec,0.044657069842135876
386,19.408762050160792,-99.16609637839356,Calle Cuyutlán,0.029771444502715606
387,19.4112295478745,-99.15491281423952,Avenida Cuauhtémoc,0.026157235695618557
388,19.40597725767612,-99.1571695427353,Calle Acayucan,0.04280715309843197
389,19.42131364543967,-99.17271656053451,Avenida Chapultepec,0.04478377869848739
390,19.402510263724366,-99.16840114161589,,0.0601899611293439
391,19.40378989557488,-99.15861702590274,Viaducto Miguel Alemán,0.03347103817864027
392,19.403602042955118,-99.16407660990825,Calle Bajío,0.03237215949185411
393,19.40957595874106,-99.16205953492073,Avenida Monterrey,0.04367859420020113
394,19.416725622100937,-99.16508586332745,Avenida Insurgentes Sur,0.03150160468963621
395,19.41744626345463,-99.17129342376822,Avenida Sonora,0.0511891400124145
396,19.42246087639971,-99.16806881816501,Avenida Chapultepec,0.04693820753981601
397,19.402957308777147,-99.16082703890137,Viaducto Miguel Alemán,0.03390653200250798
398,19.405623841046307,-99.15708239616329,Calle Acayucan,0.04281556307656303
399,19.418533964339808,-99.17345176567152,Calle Durango,0.042936549566688575
400,19.410816383644914,-99.16431313810817,Avenida Medellín,0.022653818407189164
401,19.40719851478383,-99.16731294278665,Calle Tlaxcala,0.049260419313750345
402,19.419073723326544,-99.17503599052648,Calle Tampico,0.03590458712368136
403,19.40395211685017,-99.16909262510478,Avenida Insurgentes Sur,0.04555387875683643
404,19.40766652895718,-99.16223696440454,Calle Tepeji,0.030906300516158954
405,19.40415028709468,-99.16218349706831,Privada San Juan,0.04884611377808419
406,19.40431611937891,-99.16588155062908,Calle Tehuantepec,0.0328411378743201
407,19.42149559805743,-99.15408723930268,Avenida Cuauhtémoc,0.012295549816176435
408,19.42181100758779,-99.15522012327892,Cerrada Morelia,0.04943334109669695
409,19.413179615160388,-99.16490408996118,Avenida Medellín,0.021943378483235576
410,19.4074947921087,-99.16311648268854,Calle Tepeji,0.030884908701727824
411,19.42319246796666,-99.15637781018408,Callejón de San Cristóbal,0.05289697261792326
412,19.41025725076596,-99.15769766037882,Calle Toluca,0.052952316592077664
413,19.410085520547003,-99.16063045014262,Calle Tonalá,0.037693772234549935
414,19.405345326383006,-99.16567130180255,Calle Quintana Roo,0.03927126981338005
415,19.418824416161435,-99.17212608233302,Calle Durango,0.03441970925089205
416,19.40834955743923,-99.1669803842219,Calle Aguascalientes,0.030111895304227594
417,19.412379032328847,-99.16259680239995,Calle Chiapas,0.031155222090156597
418,19.421817848538588,-99.15741030674225,Calle Durango,0.04041773826379022
419,19.405099067708452,-99.1564530634357,Calle Bajío,0.04286498622364048
420,19.4209420642634,-99.1743838917637,Avenida Chapultepec,0.04421763886427653
421,19.42203686738018,-99.16948084504304,Avenida Chapultepec,0.04414668466885532
422,19.41385874790232,-99.1650671976348,Avenida Medellín,0.021938319710013608
423,19.41860911295188,-99.17216562848719,Calle Durango,0.035622127041180805
424,19.413067860714033,-99.16489588857442,Calle San Luis Potosí,0.01945142578521064
425,19.411000104244206,-99.16086822746578,Calle Tonalá,0.03706257723747217
426,19.418222531700902,-99.17387041461474,Calle Acapulco,0.034237708335801614
427,19.404959188707167,-99.16748181907518,Calle Tuxpan,0.04840837053436086
428,19.422211029478085,-99.16319059431996,Calle Puebla,0.03178657238055128
429,19.4204006684805,-99.16834562504306,Calle Valladolid,0.02341942161850605
430,19.418029454866247,-99.160491702099,Avenida Álvaro Obregón,0.024688909360709936
431,19.400861308488505,-99.16919115696496,Calle Huatusco,0.043168852174092026
432,19.40520498014808,-99.16379614736907,Calle Monclova,0.03889745839302874
433,19.41078214006832,-99.16543382055731,Calle Coahuila,0.022537995996928323
434,19.413531796758797,-99.1620704555546,Avenida Yucatán,0.021479147826951643
435,19.416608019068793,-99.16077263962855,Calle Jalapa,0.04125367614620875
436,19.41802589192804,-99.16159391790917,Avenida Álvaro Obregón,0.020682007401074662
437,19.41732086370561,-99.16879468227943,Avenida Oaxaca,0.04536874703706735
438,19.41428886640336,-99.15748661852396,Calle Córdoba,0.041412413738664486
439,19.419210525186077,-99.15557280072784,Avenida Álvaro Obregón,0.021293058377661437
440,19.413153894888858,-99.16143502733033,Avenida Yucatán,0.021527707247893574
441,19.400696177201365,-99.16791920683522,,0.05883435699869649
442,19.406196543438423,-99.1624960628757,Avenida Baja California,0.03243401171905523
443,19.405110398588242,-99.15938491768483,Calle Tonalá,0.03233432207449008
444,19.415269297375133,-99.16541993570387,Avenida Medellín,0.045012502720568504
445,19.42295425322176,-99.16088075794778,Calle Orizaba,0.05261878874154642
446,19.400570555684723,-99.16796604281053,Viaducto Miguel Alemán,0.05864422975818592
447,19.4184878722864,-99.1736625194553,Calle Durango,0.04289806860983644
448,19.407119291203447,-99.16237021365298,Calle Tepic,0.032488520467448524
449,19.419369082084728,-99.15468048235466,Avenida Álvaro Obregón,0.021438644489637323
450,19.412212279377737,-99.155720729599,Calle Mérida,0.04370418657039599
451,19.413059139186,-99.15901339176867,Calle Chiapas,0.03729620052943688
452,19.400704016455325,-99.16717768340156,Viaducto Miguel Alemán,0.03377999647848962
453,19.40622464842871,-99.16199524923191,Avenida Baja California,0.049493656976088415
454,19.404895246241956,-99.16290110466419,Calle Tehuantepec,0.023105443911431812
455,19.419133732267323,-99.17259113113883,Avenida Sonora,0.03557531138054089
456,19.423188523369525,-99.16256203062326,"Glorieta de los Insurgentes, Avenida Insurgentes Sur",0.01246225348577357
457,19.423907190094912,-99.15568252359085,Calle Puebla,0.0349496483121335
458,19.418355219641228,-99.17510977712374,Calle Veracruz,0.0193391405856007
459,19.419476019594605,-99.16913869472766,Calle Durango,0.02351094073704917
460,19.419561034606104,-99.16874945096693,Calle Durango,0.023443517425358835
461,19.418646812856984,-99.16227020543029,Calle Tabasco,0.03975486479400346
462,19.402524028498263,-99.16834001190227,Calle Chilpancingo,0.04265797314658884
463,19.40487762948763,-99.15758076701931,Calle Bajío,0.03795792454692175
464,19.422723986261715,-99.16089947050914,Calle Orizaba,0.0542613957418919
465,19.40625768909291,-99.1621896619639,Calle Amealco,0.0324504600885554
466,19.408476460926476,-99.1664575001219,Calle Champotón,0.029884157958607813
467,19.42125274623884,-99.16527460310384,Avenida Oaxaca,0.0474231900674994
468,19.41723035246182,-99.16407522667508,Avenida Monterrey,0.027868719905045018
469,19.422978028068773,-99.16096259004237,Calle Orizaba,0.05439572200930177
470,19.423078197312634,-99.16278956511913,"Glorieta de los Insurgentes, Avenida Insurgentes Sur",0.01270973002800159
471,19.42000251551679,-99.15583508369417,Calle Tabasco,0.05532928792879284
472,19.41186127278452,-99.16265329696063,Avenida Monterrey,0.018029036766408574
473,19.40577874875399,-99.15835415123448,Calle Tehuantepec,0.048598103372383586
474,19.41565713159165,-99.15912896724947,Calle Orizaba,0.03649056606337491
475,19.403465670417216,-99.16881201108106,,0.061332774262131934
476,19.417901365355085,-99.16230606890144,Avenida Álvaro Obregón,0.020758326877319978
477,19.412755507685976,-99.16131493604601,Calle Tonalá,0.03717634358255811
478,19.419989461194454,-99.15589260185762,Calle Tabasco,0.055242066108967154
479,19.410836862555122,-99.15792733947553,Calle Toluca,0.036370276779525396
480,19.405359374261433,-99.16466004980428,Calle Manzanillo,0.03920401692702144
481,19.41626903979622,-99.16237780180242,Calle Guanajuato,0.04109777278763575
482,19.417868205673837,-99.16772842564815,Calle Valladolid,0.03457980388913582
483,19.405944915343355,-99.1677437690799,Avenida Baja California,0.03915335191447389
484,19.404968815023125,-99.15885930455667,Calle Teocelo,0.0379831467379756
485,19.406816907922405,-99.16734748524269,Cerrada Tlaxcala,0.049176512883647654
486,19.405204582428148,-99.16131882825002,Calle Tehuantepec,0.01827738031110441
487,19.407310262296104,-99.16515235090603,Calle Manzanillo,0.02973847578232722
488,19.40971326650754,-99.15759810002672,,0.05293239803412823
489,19.40656354634101,-99.1627425062753,Calle Ario,0.04854918438876325
490,19.419585421348632,-99.16779652184583,Calle Durango,0.03460907554172767
491,19.40574656112015,-99.16362380210626,Calle Quintana Roo,0.03894975235889406
492,19.407273945863672,-99.16158570766251,Calle Tepic,0.02962780867827823
493,19.417830757775317,-99.16269520826147,Avenida Álvaro Obregón,0.026575156764397874
494,19.412733006911342,-99.15540862115856,Calle Coahuila,0.03481980766758486
495,19.425104955621332,-99.15672908851748,Avenida Chapultepec,0.03185481010785333
496,19.405266108269426,-99.15892881352679,Calle Teocelo,0.037965588063480486
497,19.41875151603095,-99.15792342340968,Avenida Álvaro Obregón,0.02104199358616806
498,19.417055423223385,-99.1655004132664,Avenida Álvaro Obregón,0.05606554776791693
499,19.401608727907476,-99.16813899381768,,0.05870582506841925
500,19.416553974407208,-99.1559882689514,Calle Zacatecas,0.04116968442879004
501,19.408507344056307,-99.15726456920687,Calle Toluca,0.036710211033678906
502,19.4090096584506,-99.16349523321264,Calle Piedras Negras,0.030598460565137774
503,19.41611741353613,-99.16563754800012,Avenida Medellín,0.04505110939100458
504,19.42208623593868,-99.1562300792528,Calle Durango,0.04077258500047133
505,19.419975512691295,-99.159640607086,Calle Colima,0.025550284100878614
506,19.42175645093138,-99.1712647821854,Avenida Chapultepec,0.04978367871016967
507,19.418991789152138,-99.16800055503015,Calle Valladolid,0.045395824901753715
508,19.423193212066824,-99.15609777678746,Callejón de San Cristóbal,0.052870541575284064
509,19.415459933728147,-99.16048467376162,Calle Jalapa,0.04201072170923242
510,19.405224290149835,-99.16631777388388,Calle Quintana Roo,0.03876661709649931
511,19.404791878255992,-99.15687896466792,Calle Acayucan,0.03362104352936031
512,19.416625566668216,-99.1706377105846,Avenida Sonora,0.05134502493172166
513,19.42374922180284,-99.16232086928544,Avenida Chapultepec,0.04730014121885652
514,19.406470124878993,-99.16125790796113,Avenida Monterrey,0.01825309050049096
515,19.42123665614083,-99.16512612034349,Calle Sinaloa,0.015791459117648753
516,19.40657714158672,-99.16182253861793,Calle Tenango,0.03249410064027296
517,19.415051852494425,-99.16359987458665,Calle Zacatecas,0.044925850700574844
518,19.400873581616757,-99.16796193432029,,0.05903187824363351
519,19.418184342023856,-99.16768225706359,Calle Colima,0.0250234398464799
520,19.407757954055015,-99.16416463953493,Calle Nautla,0.0382458005476264
521,19.406067755397046,-99.16478920814325,Avenida Baja California,0.03261511181031195
522,19.4200875787588,-99.15546028752306,Calle Tabasco,0.055334716809628294
523,19.408316482375778,-99.16767564492146,Avenida Insurgentes Sur,0.046209256309743034
524,19.405274381455794,-99.16866557143479,Avenida Insurgentes Sur,0.046046911673839376
525,19.424011368681388,-99.15522400304368,Calle Puebla,0.03495049873273012
526,19.403911950872544,-99.15821611066583,Viaducto Miguel Alemán,0.03352980644810978
527,19.408400178920765,-99.16128125776575,Calle Tlaxcala,0.02950421275528292
528,19.418777113670036,-99.17546565296969,Calle Veracruz,0.019345651547257203
529,19.415371779008602,-99.16536614692131,Avenida Insurgentes Sur,0.04723567764543203
530,19.41546903393164,-99.16544922518962,Avenida Medellín,0.04501643111862604
531,19.42255659532258,-99.1547616604403,,0.07167096821152727
532,19.40760406555796,-99.15506502474463,,0.06398485778656741
533,19.41274746956805,-99.16068925119892,Calle Chiapas,0.03721787443355073
534,19.406066379835497,-99.15688477159269,Calle Tehuantepec,0.043422302817757
535,19.414174941993966,-99.16370158909508,Avenida Querétaro,0.0523829071579359
536,19.41861496724189,-99.1643848837701,Avenida Insurgentes Sur,0.04653949761873597
537,19.415597421737626,-99.15781560179624,Calle Córdoba,0.028670347167650004
538,19.420883417557764,-99.17140785142732,Calle Cozumel,0.03447486124195965
539,19.417615946294166,-99.17425938083865,Calle Veracruz,0.0240332381686433
540,19.408045856374503,-99.15725370542106,Calle Toluca,0.05331368486762802
541,19.407213375271652,-99.1666855494161,Calle Tlacotalpan,0.038570256096607955
542,19.416082759271664,-99.15840915530069,Calle Zacatecas,0.028042836110384012
543,19.421747784550316,-99.15769982202698,Calle Durango,0.04039417438999668
544,19.405652132636384,-99.16390888396126,Calle Monclova,0.03889500691136598
545,19.405459736255327,-99.16761234199753,Calle Tuxpan,0.03198900949275587
546,19.418268292614233,-99.17466784395548,Calle Durango,0.02323306074695783
547,19.421852119388717,-99.1572650197877,Calle Durango,0.04039050297705653
548,19.405068682141376,-99.15640924126532,Calle Toluca,0.036297407982311417
549,19.40638273909722,-99.15919768437278,Avenida Baja California,0.04353668759366594
550,19.406549097110517,-99.15679738244299,Calle Toluca,0.03629364274590643
551,19.419777192986444,-99.16403919293545,Avenida Insurgentes Sur,0.046653125997643805
552,19.411186706700807,-99.16609982842829,Calle Manzanillo,0.03712510179376445
553,19.413885215152767,-99.16008601865845,Calle Jalapa,0.03736303263612392
554,19.420464763016223,-99.17348336637471,Avenida Sonora,0.04782538053330359
555,19.403042002532516,-99.1610120949004,Viaducto Miguel Alemán,0.033226424736082984
556,19.418805561427227,-99.1542891154505,Avenida Cuauhtémoc,0.024268599187445918
557,19.420209729842387,-99.16450010776079,Calle Durango,0.016172729235009557
558,19.411527824245724,-99.15970409485354,Calle Jalapa,0.0429562255782198
559,19.405830477964066,-99.1632090227901,Calle Quintana Roo,0.03895458975600158
560,19.420940024177373,-99.15914520786943,Calle Córdoba,0.04134715954988049
561,19.423762488737765,-99.1578181647183,Calle Flora,0.027494505133333298
562,19.419099688700154,-99.15508061967488,Avenida Álvaro Obregón,0.024380720889120952
563,19.421557861389662,-99.1635143020086,Avenida Insurgentes Sur,0.013379731865116973
564,19.420945897682383,-99.16260255791545,Calle Pomona,0.0317773913440835
565,19.407561285788983,-99.16549830237874,Calle Tlaxcala,0.03813288946304049
566,19.401527595515024,-99.16734990928957,Calle Iguala,0.03292353303702849
567,19.419214808738477,-99.16945464553318,Calle Durango,0.03413075530588675
568,19.421283853161995,-99.1554005325923,Calle Morelia,0.04935810982150124
569,19.420667140046813,-99.16390575431778,Avenida Insurgentes Sur,0.0317119151207309
570,19.420711173378688,-99.16744811709613,Calle Sinaloa,0.03613249176024593
571,19.42000830068331,-99.15890988669966,Calle Córdoba,0.04393319082818626
572,19.402353954318965,-99.16755867295818,Calle Iguala,0.03303965452828189
573,19.40361398052023,-99.16476117283462,Calle Puerto México,0.03900321039064688
574,19.424344750369464,-99.15979402816572,Avenida Chapultepec,0.0471233911810358
575,19.40809234958776,-99.15999873108267,Calle Tepeji,0.05284249291329513
576,19.41732480848912,-99.16406088276287,Avenida Álvaro Obregón,0.024874196191832884
577,19.411943236082834,-99.15939424360329,Calle Coahuila,0.050870320690023174
578,19.42072005426143,-99.1738274596326,Avenida Sonora,0.0355620418808076
579,19.41256418417898,-99.16370308759026,Calle José Alvarado,0.02902424305003507
580,19.421273765980324,-99.1689185715736,Calle Puebla,0.03470029535654588
581,19.419372740519407,-99.16526695980062,Calle El Oro,0.05715604113300836
582,19.41927373847016,-99.1726999461543,Avenida Sonora,0.035575128558031965
583,19.412488358099075,-99.16203747743403,Calle Chiapas,0.03115772417571385
584,19.40431166467198,-99.16596684595727,Calle Tlacotalpan,0.03931447033371681
585,19.415410543033534,-99.16178703747201,Calle Zacatecas,0.02843187874150909
586,19.418464740379136,-99.15937350482758,Avenida Álvaro Obregón,0.020908571617409916
587,19.417515838582265,-99.17411899569879,Calle Veracruz,0.024019498697913744
588,19.416568005034858,-99.17281766946545,Calle Veracruz,0.023978413930635517
589,19.416970590113074,-99.17293406929367,Calle Colima,0.025089061348154418
590,19.417954166964183,-99.15840281830813,Calle Córdoba,0.02449618998710022
591,19.41884392268803,-99.16132905562749,Calle Tabasco,0.03952182423368142
592,19.422013367666594,-99.16557218801276,Calle Puebla,0.02633281321572038
593,19.420153632976437,-99.16405990611199,Avenida Insurgentes Sur,0.03163906142395823
594,19.407489569068083,-99.15649560523978,,0.04891914831531537
595,19.42319293263364,-99.15620295725626,Callejón de San Cristóbal,0.03508821616181326
596,19.418064672289074,-99.15674745892142,Calle Chihuahua,0.04027515783484373
597,19.417311410167255,-99.16861568780473,Calle Tabasco,0.02595136051861351
598,19.413310918469428,-99.15724914547269,Calle Córdoba,0.026734266330724392
599,19.411027204402973,-99.16415985495297,Calle Coahuila,0.01776963344106075
600,19.42077328497437,-99.15611465278532,Calle Colima,0.025813121245155658
601,19.406879840192047,-99.16357176585512,Calle Tepic,0.029665242583782468
602,19.410816615376046,-99.1549483990379,Avenida Cuauhtémoc,0.026140126344852604
603,19.414784743597544,-99.16494818195778,Calle Zacatecas,0.021779483037332216
604,19.420382196776526,-99.16592472173835,Avenida Oaxaca,0.023604975632097472
605,19.421599870364506,-99.16938402245944,Calle Ocotlán,0.03474334689164188
606,19.420672239795216,-99.16248184061355,Calle Durango,0.027255645425672697
607,19.40278273836707,-99.16628560292976,Calle Anahuac,0.03215849031976356
608,19.419055011651036,-99.17407739649116,Calle Acapulco,0.0358567321908746
609,19.419779055837555,-99.1568889603642,Calle Tabasco,0.04093911939062528
610,19.41162654544186,-99.16428432929162,Calle Tapachula,0.01758684794232692
611,19.424033103673615,-99.16138654409885,Avenida Chapultepec,0.044505030844327255
612,19.40592800984209,-99.16811628889275,Avenida Baja California,0.03916276853180981
613,19.419269453041235,-99.15523050947108,Avenida Álvaro Obregón,0.02132103119296473
614,19.416565791142105,-99.17044520497609,Avenida Sonora,0.04766973647592887
615,19.40400759118669,-99.1576147777288,,0.050455093152476135
616,19.420193000081024,-99.16984250376899,Calle Salamanca,0.019756471241908553
617,19.409361732614066,-99.15989860901682,Calle Jalapa,0.029612196571431118
618,19.421331210003448,-99.17263822194678,Avenida Chapultepec,0.04475974418697992
619,19.401179206870516,-99.16800939607711,Calle Chilpancingo,0.04273009513797797
620,19.4242066386095,-99.15436442407972,Calle Puebla,0.026435976938817857
621,19.424416518892148,-99.15560100095233,Calle Circular de Morelia,0.027364828149586313
622,19.404991117002595,-99.15935526918214,Calle Tonalá,0.0323296428474624
623,19.425420006551175,-99.15527237676224,Avenida Chapultepec,0.03536396470504168
624,19.404909245766234,-99.16372158683852,Calle Monclova,0.03889846029857798
625,19.405458988619106,-99.15999981070962,Calle Tehuantepec,0.032286725226882355
626,19.412654273694823,-99.15479498274289,Avenida Cuauhtémoc,0.03478933869397835
627,19.401599089639284,-99.16811240570168,Calle Chilpancingo,0.04270437240710055
628,19.41348727838942,-99.16307680443987,Avenida Monterrey,0.017264785532665222
629,19.406311413217498,-99.16490741744249,Calle Manzanillo,0.028836618076699676
630,19.413852934353056,-99.15502346104408,Calle Chiapas,0.041628477880069896
631,19.404104768221337,-99.16217471729802,Privada San Juan,0.04882794995882124
632,19.421067725884924,-99.16850897210244,Calle Valladolid,0.036072169479875196
633,19.414437483282384,-99.15883230758635,Calle Orizaba,0.03660595974273921
634,19.408001378254642,-99.16364370101607,Avenida Medellín,0.022883288452647355
635,19.419271300392662,-99.17100626065438,Calle Cozumel,0.034392544111974455
636,19.414758153803948,-99.15891307923913,Calle Orizaba,0.03661914118492751
637,19.41942607796711,-99.16644412915214,Avenida Medellín,0.028509267742903202
638,19.4095962125111,-99.1605026262758,Calle Aguascalientes,0.029373765589642845
639,19.40630854478164,-99.16176565522069,Calle Tenango,0.03251656717718501
640,19.401894099029896,-99.16976192480296,Avenida Insurgentes Sur,0.014648192988404671
641,19.407837400093698,-99.16136701920435,Calle Tepeji,0.03096518731998076
642,19.424233715076838,-99.15579586345076,Calle Circular de Morelia,0.027440272173656535
643,19.41252536374003,-99.16184814956262,Calle Chiapas,0.031121653423051857
644,19.42040027217756,-99.16590809882021,Avenida Oaxaca,0.023559904884865104
645,19.406164260193577,-99.16307113669927,Avenida Baja California,0.048563813631729395
646,19.407689860491022,-99.16414890428119,Calle Nautla,0.03823135881463551
647,19.414226993824105,-99.1590215407278,Calle San Luis Potosí,0.040608336362129044
648,19.422125971277154,-99.16907743062659,Avenida Chapultepec,0.04413056815601201
649,19.419937041843994,-99.17495886064536,Calle Puebla,0.03572700299377938
650,19.41226625230631,-99.15968410998106,Calle Jalapa,0.021664399679049335
651,19.408097561830406,-99.15716284580179,Calle Toluca,0.03673666710298412
652,19.40472235364644,-99.15735630887025,Calle Coatepec,0.038050613287068075
653,19.40280291522053,-99.16814573194559,Calle Bajío,0.04263831668074521
654,19.400069081638925,-99.1702216872774,Avenida División del Norte,0.033977091864440034
655,19.416854944321244,-99.17322991675935,Calle Veracruz,0.023955397461338235
656,19.409600563088333,-99.16597131445462,Calle Campeche,0.029824901711910563
657,19.401267562644545,-99.16603634654307,Viaducto Miguel Alemán,0.03212560969385635
658,19.419294278630566,-99.15921532254283,Calle Tabasco,0.039662566190323684
659,19.410467965578718,-99.16229091834862,Avenida Monterrey,0.037623248423094245
660,19.424901421899587,-99.15764669185248,Avenida Chapultepec,0.03193145177706006
661,19.40119640857991,-99.16803968677429,,0.058796730095161245
662,19.407504893204653,-99.16578050766073,Calle Tlaxcala,0.038559443058101446
663,19.416636586457873,-99.15807816528657,Calle Córdoba,0.02833414310067104
664,19.410680842050148,-99.16596040541883,Calle Coahuila,0.02257636290846249
665,19.416932636405967,-99.17309847583437,Calle Colima,0.02513108053616367
666,19.417097751228216,-99.16634715134816,"Calle Valladolid, Avenida Álvaro Obregón",0.028624604934250265
667,19.419829412392417,-99.16028591281147,Calle Colima,0.025468454579927323
668,19.419634230426087,-99.17284064045243,Avenida Sonora,0.02651527683109578
669,19.409356163972134,-99.16624292729668,Calle Cuyutlán,0.02986529806194563
670,19.413517921963855,-99.15472328635042,Avenida Cuauhtémoc,0.0259940447602541
671,19.413185339439377,-99.15656741889491,Cerrada Chiapas,0.048917815675473084
672,19.418901426275106,-99.15718076656657,Avenida Álvaro Obregón,0.02121649858590369
673,19.41009326515409,-99.15774410401282,Calle Toluca,0.03640720501201481
674,19.406955171913616,-99.15721997483615,Calle Ixtlán,0.03341168855380069
675,19.419153165965465,-99.16489134244102,Calle El Oro,0.057688598616759686
676,19.403822784766078,-99.16261076402486,Avenida Medellín,0.023151158518666143
677,19.40167170964237,-99.16738631679374,Calle Iguala,0.033075049858013184
678,19.42012674232887,-99.15528772809215,Calle Tabasco,0.05526733642678586
679,19.424603582089,-99.15890893988802,Avenida Chapultepec,0.047273333549726265
680,19.416196796865147,-99.16649167674353,Avenida Yucatán,0.045179116555492914
681,19.412721078428998,-99.16292040660427,Calle José Alvarado,0.029013268780031756
682,19.41791407981999,-99.16813807834802,Avenida Oaxaca,0.02589307636706771
683,19.418537132946057,-99.15729300275075,Calle Mérida,0.04030628332476674
684,19.411632951221595,-99.15967499613146,Calle Jalapa,0.05108192651819849
685,19.412238892658195,-99.1598744726124,Avenida Yucatán,0.03725294049883379
686,19.410154022240796,-99.16064828140374,Calle Tonalá,0.03764536429672338
687,19.406544894160582,-99.16330275238367,Avenida Medellín,0.029708139925607474
688,19.405500313365792,-99.15652143760333,Calle Toluca,0.04343960238662806
689,19.41768317685926,-99.16254002987742,Calle Tonalá,0.02653367712203131
690,19.407985702130233,-99.16014727785048,Calle Tonalá,0.031011504925601528
691,19.401759705226723,-99.16467300034947,,0.03381222530833789
692,19.418968193883998,-99.17536338332593,Calle Sinaloa,0.035966083053455916
693,19.41943263533604,-99.16644578603801,Avenida Medellín,0.02850724993376008
694,19.419260715017383,-99.17012430485342,Calle Durango,0.02330145355651379
695,19.4031592420246,-99.16633156540628,Calle Bajío,0.03869069044327958
696,19.408479477774996,-99.16645819348813,Calle Champotón,0.02997312023219547
697,19.40955748118046,-99.16070818982499,Calle Aguascalientes,0.03790114007809899
698,19.418507724044,-99.17237569367575,Calle Guadalajara,0.025196789513326677
699,19.423236615750348,-99.1544653511303,"Segundo Callejón de la Romita, Callejón de Romita",0.035275678936051394
700,19.414299566965752,-99.15879756882754,Calle Orizaba,0.03661841287430744
701,19.401894180457585,-99.16888231861373,Calle Hermosillo,0.018922091453659296
702,19.42009562235329,-99.16313887133178,Calle Tonalá,0.031382330054823895
703,19.41887295201778,-99.1542836218827,Avenida Cuauhtémoc,0.024287700413827704
704,19.419827041186373,-99.16975269419001,Calle Salamanca,0.01994840982464483
705,19.40163301529136,-99.16820747970489,,0.05997255626281782
706,19.407894462930713,-99.16108134577782,Calle Tepeji,0.030973145228986722
707,19.41403020628801,-99.16286507264391,Avenida Yucatán,0.04489978640975187
708,19.416236315735777,-99.15949228685633,Calle Orizaba,0.028908075839143746
709,19.417901472083283,-99.15757382225979,Calle Chihuahua,0.040678229529943814
710,19.40048633104406,-99.16832422948679,Viaducto Miguel Alemán,0.04312581042721693
711,19.40788244411507,-99.16419239928871,Calle Nautla,0.0382862869937837
712,19.42568301892961,-99.15406774056734,Avenida Chapultepec,0.035025876522304274
713,19.40418680601564,-99.15867465178499,Calle Teocelo,0.03345028860945794
714,19.422172382042163,-99.16292171638767,Calle Pomona,0.03172913554299868
715,19.411869646062097,-99.15973027116574,Calle Jalapa,0.05109373382174903
716,19.409379161673574,-99.1673257236036,Avenida Insurgentes Sur,0.04572418659617853
717,19.422215412164437,-99.16919101917362,Avenida Chapultepec,0.05463407032005667
718,19.423160381240386,-99.16340098709887,Avenida Oaxaca,0.02379141690873908
719,19.42322480966653,-99.15690304454343,Calle Frontera,0.04217228746406515
720,19.416120267619092,-99.17178599658952,Calle Guadalajara,0.05180911337675875
721,19.42201591344306,-99.16556064238165,Calle Puebla,0.026307397420530742
722,19.41772661784552,-99.16965884113516,Calle Colima,0.020200925162600455
723,19.417257425853645,-99.16079650478763,Calle Chihuahua,0.04249879488815767
724,19.40990852191007,-99.16166451428872,Calle Nayarit,0.03772124708554414
725,19.408273240788525,-99.16768986649683,Avenida Insurgentes Sur,0.04619673891908535
726,19.418542017134705,-99.15790578621382,Avenida Álvaro Obregón,0.024540267587840683
727,19.4245585035246,-99.15911222634661,Avenida Chapultepec,0.04435217356049308
728,19.414950243146368,-99.1588651216633,Calle Orizaba,0.0270833543531562
729,19.420323826526595,-99.16020149613665,Calle Orizaba,0.02559395126322938
730,19.4200964653501,-99.16015233221167,Calle Orizaba,0.02561949927933753
731,19.416488463847294,-99.16572552852452,Avenida Medellín,0.04508143799958485
732,19.422149805064986,-99.15944082580364,Calle Córdoba,0.04020761025267888
733,19.410855937143108,-99.1579320398122,Calle Toluca,0.036369429930587456
734,19.405128141637785,-99.16752533301558,Calle Tuxpan,0.03200758857605951
735,19.420961689031333,-99.17386418492367,Avenida Sonora,0.04785334814012311
736,19.40197255527713,-99.16746231954463,Calle Iguala,0.032928972044442555
737,19.416311510977863,-99.16668338622752,Avenida Yucatán,0.045160567124312476
738,19.420529257608866,-99.17618385605057,Avenida Chapultepec,0.03417455217832231
739,19.406801362762835,-99.16187002430011,Calle Tenango,0.032507269940295305
740,19.411979253735893,-99.1548463576985,Avenida Cuauhtémoc,0.03479313750645772
741,19.408674589892232,-99.16532624739087,Calle Aguascalientes,0.03035690783729579
742,19.40109589881173,-99.16798895821996,Calle Chilpancingo,0.04270888419715019
743,19.419236318346215,-99.1741224672609,Calle Acapulco,0.035838559900660004
744,19.417751599844493,-99.15484417122939,Calle Guanajuato,0.028164704058925398
745,19.40719188696648,-99.16065618770725,Calle Linares,0.04908230891329257
746,19.405434078936917,-99.16519766548281,Calle Quintana Roo,0.032696876281486854
747,19.418324638855797,-99.15979709755166,Calle Orizaba,0.03690565077753304
748,19.406220077107204,-99.16207650817246,Avenida Baja California,0.049500990522347216
749,19.406286322355328,-99.16645857545761,Calle Tlacotalpan,0.03906216231456461
750,19.42012736437385,-99.16827870414286,Calle Valladolid,0.02341053884134642
751,19.40126330774737,-99.16861879031292,Calle Nogales,0.05193798496401782
752,19.40594471133632,-99.16774826456125,Avenida Baja California,0.03915747719080968
753,19.41837638809924,-99.16272260573852,Calle Tonalá,0.03133391944213233
754,19.41776242140708,-99.15835865885359,Calle Córdoba,0.02451696201923314
755,19.42247282734648,-99.16750925816588,Avenida Chapultepec,0.04430670610407682
756,19.405839963148193,-99.1631621299473,Calle Quintana Roo,0.038948116611750794
757,19.412497678236914,-99.15825810954924,Calle Orizaba,0.03664122302103082
758,19.4202582776085,-99.16667696338581,Plaza de Madrid,0.04875292151204762
759,19.42162590386977,-99.17018519772124,Calle Salamanca,0.04410989663797816
760,19.418348445799005,-99.1669324805621,Calle Colima,0.025079027279393363
761,19.40826302858472,-99.1619756725927,Calle Tlaxcala,0.030663026634365105
762,19.416189975354147,-99.15784887694669,Calle Zacatecas,0.028707784695751658
763,19.423517794560226,-99.15595802538206,Calle Morelia,0.042589940082408996
764,19.415113855596235,-99.16328695582445,Calle Zacatecas,0.016853923696468633
765,19.410406019681826,-99.16176907896235,Calle Campeche,0.03759970429711119
766,19.400967331990636,-99.16957092303821,Calle Huatusco,0.04320074445682398
767,19.42065188589691,-99.17362670721448,Avenida Sonora,0.04783110229032709
768,19.42196903010326,-99.16353159270203,Avenida Insurgentes Sur,0.031537799537566115
769,19.417637607966114,-99.16850934945131,Avenida Oaxaca,0.045344699848755284
770,19.404828260180814,-99.16324572338279,Calle Tehuantepec,0.023074569349224923
771,19.418307529222957,-99.1644734406407,Avenida Insurgentes Sur,0.046398035137465266
772,19.4168296359423,-99.1731935559551,Calle Veracruz,0.023950859897943502
773,19.402800335408052,-99.1676714434859,Calle Iguala,0.033059731300916446
774,19.424224827055347,-99.16048811500058,Avenida Chapultepec,0.044426764214516336
775,19.41839669492249,-99.16671203135564,Calle Colima,0.025001284862236815
776,19.4166094683836,-99.1590695977261,Calle Orizaba,0.028063686255615748
777,19.41497372836885,-99.15765542255234,Calle Córdoba,0.041902758887856856
778,19.41757959411008,-99.15921433961,Calle Chihuahua,0.04183409555587034
779,19.418887309200915,-99.16112878900167,Calle Tabasco,0.03952942303022038
780,19.416270105953753,-99.16218135329568,Calle Tonalá,0.041044288596398616
781,19.417570632602562,-99.1596041847512,Calle Orizaba,0.036883918551751514
782,19.402059184625497,-99.16408570536558,Viaducto Miguel Alemán,0.028815873219827023
783,19.41933452410809,-99.16430571920198,Avenida Insurgentes Sur,0.0316398706721025
784,19.421820522473897,-99.16644677076063,Calle Puebla,0.026321728318139892
785,19.42155142184742,-99.17165472316037,Avenida Chapultepec,0.04962526869206217
786,19.404875539458015,-99.15759140988908,Calle Bajío,0.03795853870237693
787,19.40280934953001,-99.16236035082981,Avenida Medellín,0.03315570637203091
788,19.421791875735202,-99.16868634842365,Calle Valladolid,0.034775487426845
789,19.42336717942573,-99.16098759157693,Calle Orizaba,0.052622153198799475
790,19.41738184422269,-99.17210379012229,Calle Guadalajara,0.025152639785055986
791,19.40412908039627,-99.15824444711143,Calle Misantla,0.03803428300665755
792,19.41947213956105,-99.17512534625392,Calle Tampico,0.03592118113986166
793,19.40482090536579,-99.16677276960112,Calle Anahuac,0.038713333660251335
794,19.40159310584021,-99.1697876525264,Calle Nogales,0.014233885044409353
795,19.41629918990954,-99.17050836554003,Calle Parque España,0.0475970233630732
796,19.418428481063643,-99.17190134293561,Avenida Sonora,0.05129639581384895
797,19.409724027367027,-99.16573335828055,Calle Manzanillo,0.037473837477617025
798,19.41647008350404,-99.1567718649307,Calle Mérida,0.04112462770873215
799,19.403302265024436,-99.16018426045233,Viaducto Miguel Alemán,0.0505709101945537
800,19.41344456624736,-99.15728256194376,Calle Córdoba,0.041442556031195926
801,19.41696494343113,-99.17295852943855,Calle Colima,0.025117037122791598
802,19.40968370900887,-99.16278104527981,Calle Nayarit,0.037769456949081445
803,19.407026116140752,-99.16663985374888,Calle Tlacotalpan,0.03858487642413867
804,19.401510357735614,-99.16509890750697,Viaducto Miguel Alemán,0.03377757177048306
805,19.416452452687317,-99.16222536799519,Calle Tonalá,0.04234907320250734
806,19.416420182819447,-99.17047341939397,Avenida Sonora,0.05147731556195829
807,19.402527653787843,-99.16262185048205,Viaducto Miguel Alemán,0.05079451683324859
808,19.42067421605082,-99.17162899165231,Calle Puebla,0.0344826172045699
809,19.418411225605198,-99.17401331639884,Calle Durango,0.023215892094988894
810,19.419728536068153,-99.16473033023522,Avenida Monterrey,0.0583172066439917
811,19.405620314732996,-99.16854678203632,Avenida Insurgentes Sur,0.046071139710206266
812,19.422494952885458,-99.16399076451746,Avenida Oaxaca,0.023809817007926146
813,19.40413693429191,-99.15630307187041,,0.05045293804583385
814,19.415968883886844,-99.16998832918189,Avenida Sonora,0.04748678639415581
815,19.413193994288765,-99.15851350161051,Calle Orizaba,0.03625903701409567
816,19.40802671042607,-99.1647511199984,Calle Minatitlán,0.038169246548194855
817,19.403006318137837,-99.16139748522218,Calle Torreón,0.033105952091498025
818,19.402092667345066,-99.16836904982179,Calle Chilpancingo,0.019198601137444232
819,19.41827940542485,-99.16269611877001,Calle Tonalá,0.031342237344173296
820,19.42163130986368,-99.17130030054462,Avenida Chapultepec,0.044633509434464286
821,19.407473857780694,-99.1553504104079,Calle Huatabampo,0.009566896426797263
822,19.41833786372528,-99.16371530522908,Calle Tabasco,0.03129376463189965
823,19.400643982578035,-99.16770756157075,Viaducto Miguel Alemán,0.03308348673944748
824,19.40889075183265,-99.1573597459648,Calle Toluca,0.03674423865553351
825,19.403735306738234,-99.15819253577028,Viaducto Miguel Alemán,0.050383626299069485
826,19.420249140920543,-99.16403124418474,Avenida Insurgentes Sur,0.0316581854915606
827,19.420692872002498,-99.16495192961538,Calle Uruapan,0.031675283119023984
828,19.41623492302935,-99.15671171366994,Calle Mérida,0.04238279473004788
829,19.420635158012352,-99.17180557942805,Calle Puebla,0.03451882351292839
830,19.416949513131733,-99.16238115847979,Calle Chihuahua,0.027903704022566915
831,19.420533443943878,-99.17226530493203,Calle Puebla,0.03452464149565616
832,19.418311066956853,-99.15970944311152,Calle Orizaba,0.02459060163484031
833,19.408566651097924,-99.15511294184242,Avenida Cuauhtémoc,0.02611521718022811
834,19.41940126757844,-99.17416347526151,Calle Acapulco,0.035725062291183066
835,19.404218476365987,-99.15705212182867,Viaducto Miguel Alemán,0.033639210092800576
836,19.401067607494426,-99.16646780216878,,0.0500411694024295
837,19.405964819931697,-99.1672750976471,Avenida Baja California,0.032106533208892174
838,19.409335622601773,-99.1618860684204,Calle Aguascalientes,0.037883832133821176
839,19.40528852174108,-99.16597469812787,Calle Quintana Roo,0.03928306307899616
840,19.422909609388164,-99.16312190979141,"Glorieta de los Insurgentes, Avenida Insurgentes Sur",0.012984538686644245
841,19.422891195654135,-99.16015605987712,Calle Puebla,0.04016022488368472
842,19.409898415506024,-99.15501276792449,Avenida Cuauhtémoc,0.02618097600595976
843,19.424190026240446,-99.1604521985673,Avenida Chapultepec,0.0541236214554223
844,19.417612960330995,-99.16261718248396,Avenida Álvaro Obregón,0.024945413803563646
845,19.4054827780631,-99.15857292577661,Calle Misantla,0.03352459453915493
846,19.413636886381404,-99.1620602651895,Calle San Luis Potosí,0.0215615368077364
847,19.40684573039839,-99.15511831902246,,0.06423681961519505
848,19.420211126510473,-99.17655460424886,Calle Veracruz,0.035824859956936635
849,19.40848876418433,-99.16432290922471,Calle Nautla,0.038279472537122855
850,19.41773185510707,-99.1696361482085,Calle Colima,0.020246869588486448
851,19.404078309626783,-99.16064115677241,Avenida Monterrey,0.04278570632680993
852,19.42468049135066,-99.15614049142796,Calle Circular de Morelia,0.027384867796858215
853,19.40747192515302,-99.15539157119224,Calle Huatabampo,0.04899287687479967
854,19.413991145588398,-99.160235249514,Calle San Luis Potosí,0.027212154176608914
855,19.40634146231277,-99.1598960971067,Avenida Baja California,0.026673386773769178
856,19.41387189551075,-99.16317694177542,Avenida Monterrey,0.017247948077085157
857,19.425578358684273,-99.15454951830009,Avenida Chapultepec,0.03503870363884919
858,19.41051661527276,-99.1659291029449,Calle Manzanillo,0.037466117606694584
859,19.420422655061163,-99.1687712293705,Calle Sinaloa,0.020138067987521522
860,19.409088079622286,-99.16316153152785,Calle Aguascalientes,0.04364778656870431
861,19.417740940726443,-99.16659688536853,Calle Tabasco,0.034546938843015275
862,19.411354865044814,-99.15805656415223,Calle Toluca,0.03640404048362331
863,19.417657482715946,-99.17372988424782,Calle Acapulco,0.03421747382268426
864,19.402636447715633,-99.16231767339104,Avenida Medellín,0.03315332981149067
865,19.41314196996716,-99.15858770967212,Calle Chiapas,0.03732879659336934
866,19.417511153721044,-99.17059143810673,Calle Colima,0.02523494584435346
867,19.422000139820764,-99.16563217901309,Calle Puebla,0.02633469829854601
868,19.424324334876804,-99.15987159947454,Avenida Chapultepec,0.047096071767542436
869,19.414255796809208,-99.16348381908405,,0.05251007097151545
870,19.406933917053827,-99.16329527789176,Calle Tepic,0.03240762698730395
871,19.40783573809827,-99.165278172989,Calle Manzanillo,0.029420917905925496
872,19.422830609527804,-99.16639661681391,Avenida Chapultepec,0.03960895819676184
873,19.40725999527743,-99.15850967820292,Calle Ures,0.0333672063797526
874,19.42197836777441,-99.16445671068796,Avenida Oaxaca,0.015628751202396575
875,19.417921455664324,-99.17067008222013,Calle Cozumel,0.0252744672106779
876,19.417194160931164,-99.15770035314985,Calle Guanajuato,0.04170884457447911
877,19.421519948073716,-99.16780597774171,Calle Puebla,0.04002899497152777
878,19.42134265875836,-99.1646975002835,Calle Sinaloa,0.015909338832098316
879,19.416598380300385,-99.16710155759593,Avenida Yucatán,0.02781223534128643
880,19.417694517079273,-99.15515669398772,Calle Guanajuato,0.028125972181104866
881,19.421962588488956,-99.15678550468724,Calle Durango,0.040399706385313226
882,19.40132921548193,-99.16885237635428,Calle Nogales,0.014574476826643566
883,19.409202018011886,-99.16520694280186,Calle Nayarit,0.02271022054800483
884,19.423190041840368,-99.16455612721045,Avenida Chapultepec,0.04452381700598071
885,19.409802837505982,-99.15501995725329,Avenida Cuauhtémoc,0.026201185147473202
886,19.422720488493347,-99.16091187719648,Calle Puebla,0.03985431861634757
887,19.417055214219097,-99.15842465195236,Calle Guanajuato,0.028366225512761963
888,19.41137997071753,-99.16568419287212,Calle Tapachula,0.02243941071831637
889,19.419915514667363,-99.16584516907949,Plaza de Madrid,0.028532546487134818
890,19.415249950849173,-99.15772415683608,Calle Córdoba,0.04190320480698132
891,19.422199597381518,-99.16713367236572,Avenida Medellín,0.046812917880601226
892,19.40935629133389,-99.16721605105488,Calle Campeche,0.04570772172381807
893,19.401265206176337,-99.16728362213173,Calle Iguala,0.033056933833674584
894,19.418146309174755,-99.15633129781737,Calle Chihuahua,0.040290275575593046
895,19.41393914341774,-99.16050315345802,Calle San Luis Potosí,0.02720648518774526
896,19.40826245923177,-99.16741985023512,Calle Aguascalientes,0.030109992057248534
897,19.413460353345783,-99.15662972133231,Cerrada Chiapas,0.048892947538168655
898,19.422877686443062,-99.16313222266487,"Glorieta de los Insurgentes, Avenida Insurgentes Sur",0.012958181493114854
899,19.413709883463174,-99.16168295790337,Calle San Luis Potosí,0.021572003980975637
900,19.42468980010556,-99.155819239064,Calle Circular de Morelia,0.027311972214420215
901,19.421235898384275,-99.16512960028834,Calle Sinaloa,0.01581840047897269
902,19.421783535253546,-99.16661416634057,Calle Puebla,0.02631535279527998
903,19.404816185254347,-99.15789365252351,Calle Bajío,0.0379491994918678
904,19.40089530844643,-99.16668453338255,Viaducto Miguel Alemán,0.033705684479335175
905,19.404186613210978,-99.16871283710422,,0.04868382346145459
906,19.416913624495255,-99.16904071943736,Calle Salamanca,0.04519371751768689
907,19.416684368292124,-99.16509910695412,Avenida Insurgentes Sur,0.031530316829753026
908,19.41224081601559,-99.1646694779814,Avenida Medellín,0.02906206826671719
909,19.403423972856814,-99.159796171893,Viaducto Miguel Alemán,0.03258239850181138
910,19.40803719191923,-99.16475361718187,Calle Minatitlán,0.0381429884856711
911,19.410134405676533,-99.16053661802658,Calle Nayarit,0.029336629122808267
912,19.406003207835855,-99.16638322147794,Calle Tlacotalpan,0.03905971894192603
913,19.406929405190542,-99.15786103282628,Calle Ixtlán,0.03338533669609248
914,19.410956762919103,-99.1660424999172,Calle Manzanillo,0.03712879339051171
915,19.418737476799258,-99.1694852617218,Calle Salamanca,0.03409515843484793
916,19.4059779842132,-99.1669630923894,Avenida Baja California,0.03014974487084827
917,19.4234574901707,-99.1610109571466,Calle Orizaba,0.05273642952134678
918,19.403103642441753,-99.16850317855831,Calle Chilpancingo,0.043239426515016804
919,19.41851931484887,-99.15802072950734,Avenida Álvaro Obregón,0.02455611089624913
920,19.421171435231795,-99.16534665237037,Avenida Oaxaca,0.04741678457519929
921,19.40213607119714,-99.16968378929158,Avenida Insurgentes Sur,0.03543984023260408
922,19.40411653280669,-99.162176986474,Privada San Juan,0.04879049483372653
923,19.423385131828777,-99.1632519390913,Avenida Chapultepec,0.04452155569442054
924,19.40154616240655,-99.1652263898208,,0.033806310425263525
925,19.406571618364236,-99.15540454812707,Avenida Baja California,0.015113327038051572
926,19.41004268170216,-99.15983965481796,Calle Jalapa,0.02935596067047
927,19.42023031853665,-99.16028408238047,Calle Orizaba,0.03685532563632486
928,19.404638746239993,-99.16604733783784,Calle Tlacotalpan,0.03931660938508987
929,19.41238792399926,-99.16458235541262,Calle José Alvarado,0.02901278211113733
930,19.418030240991314,-99.15842033836635,Calle Córdoba,0.02452087896841681
931,19.411958946221564,-99.16648351628746,Avenida Insurgentes Sur,0.045903444553976706
932,19.419608547799566,-99.16469789085909,Avenida Monterrey,0.05819902251773594
933,19.406470671926215,-99.15770668577993,Avenida Baja California,0.036438006735114825
934,19.417446744780005,-99.1679862575695,Calle Tabasco,0.025925331098290524
935,19.40751674360084,-99.16353408970062,Avenida Medellín,0.029469855217813538
936,19.40149185491362,-99.16942879815923,Calle Nogales,0.014295256478797501
937,19.400660146616342,-99.16747787709365,,0.050004695873368234
938,19.419527559728017,-99.16890277634555,Calle Durango,0.023455290594516193
939,19.40978761135674,-99.16226506058787,Calle Nayarit,0.037775518342912325
940,19.40832928734649,-99.16164951549396,Calle Tlaxcala,0.02952442999918505
941,19.412971753529945,-99.16136841727898,Calle Tonalá,0.03718486466637872
942,19.421906457758013,-99.16069962193139,Calle Orizaba,0.03981698590637871
943,19.402670194991224,-99.1688314375665,Calle Bajío,0.045688053832131356
944,19.420788898119255,-99.16198427692838,Calle Durango,0.027258828505528715
945,19.421879741257438,-99.1540582313757,Avenida Cuauhtémoc,0.012347292062359218
946,19.41878578478136,-99.15667083012896,Avenida Álvaro Obregón,0.0244050123221263
947,19.407043104852203,-99.1606174897076,Calle Linares,0.049108617873580215
948,19.41869032859675,-99.17211005468238,Avenida Sonora,0.04768537995425655
949,19.40500793315661,-99.16232107709783,Calle Tehuantepec,0.03833397301803926
950,19.40408346896068,-99.16162530494645,Calle Bajío,0.038417517655937296
951,19.422647783617734,-99.15956064004774,Calle Córdoba,0.04020302296436155
952,19.409213177355586,-99.15506431101298,Avenida Cuauhtémoc,0.026074520536411697
953,19.400722555750008,-99.16735329770724,,0.050012224278820475
954,19.40500414824009,-99.1569296013939,Calle Acayucan,0.03363508640057089
955,19.402150620446736,-99.16379977892086,Viaducto Miguel Alemán,0.03267638212355708
956,19.413556275207913,-99.15860663312918,Calle Orizaba,0.03626111636822163
957,19.405696251385706,-99.1610518827173,Avenida Monterrey,0.018437092506287826
958,19.42119836344951,-99.15796480195087,Calle Mérida,0.0257035884153612
959,19.41622395066879,-99.15670894351587,Calle Mérida,0.04239980503955839
960,19.419497007699352,-99.15423258975184,Avenida Cuauhtémoc,0.021391456322699377
961,19.4048208923024,-99.16007572536176,Calle Linares,0.03848858604285084
962,19.417181392485226,-99.16756159133084,"Calle Valladolid, Avenida Álvaro Obregón",0.028604538572992704
963,19.404363442154242,-99.16563798609491,Calle Tehuantepec,0.03284368458406667
964,19.40903116260828,-99.16658498838429,Calle Champotón,0.02997504155095994
965,19.424899239084453,-99.1576560748929,Avenida Chapultepec,0.031919624668538614
966,19.423521591649152,-99.15853999870419,Calle Mérida,0.041803486499555224
967,19.4064557874878,-99.16581377713163,Calle Tepic,0.0302296042878928
968,19.40978066439044,-99.16406802723084,Avenida Medellín,0.037507457441544816
969,19.42320515102992,-99.15562439976881,Calle Plaza Romita,0.03514278279620541
970,19.42299985540412,-99.15967540762058,Calle Puebla,0.04016404102393404
971,19.41626003730395,-99.17236973485434,Calle Veracruz,0.05168105398787058
972,19.41809914166183,-99.15562878161462,Calle Frontera,0.04222612635389664
973,19.40749581864972,-99.16037124456439,Calle Tepic,0.027564860509155832
974,19.415916832942216,-99.16420144513992,Calle Guanajuato,0.016527262836515393
975,19.411951948230485,-99.16258432833064,Calle Tapachula,0.029152838966358553
976,19.408087794497348,-99.16423660068936,Calle Nautla,0.03827122630465881
977,19.401892975843605,-99.16887830418946,Calle Hermosillo,0.01888373750126799
978,19.417198220587764,-99.17194809198025,Calle Colima,0.03567287090233122
979,19.404930143620813,-99.16272152633749,Calle Tehuantepec,0.03831864158551044
980,19.418480647824673,-99.16305465249651,Calle Tabasco,0.03131503503064057
981,19.406813412143762,-99.15839853943423,Calle Ures,0.0434882857325133
982,19.408486830810833,-99.16375705584356,Avenida Medellín,0.022851144664525064
983,19.418526057930784,-99.15853438001143,Calle Córdoba,0.02085618010843532
984,19.422163407576004,-99.15561681761201,Calle Morelia,0.04208802720461083
985,19.418543328577115,-99.17213633657343,Avenida Sonora,0.03565005584167556
986,19.41608063783212,-99.15512101400424,Calle Frontera,0.04088038467920781
987,19.41812190069837,-99.17434575267599,Calle Durango,0.03406084219524191
988,19.416992895224787,-99.16685872887696,"Calle Valladolid, Avenida Álvaro Obregón",0.028639237129718567
989,19.41639506573181,-99.16987097846597,Avenida Oaxaca,0.04525914051598826
990,19.42419469646747,-99.16062940004558,Avenida Chapultepec,0.04450523427491611
991,19.416257141091346,-99.16243851869345,Calle Guanajuato,0.04106649498764669
992,19.40761576154655,-99.16355635117948,Avenida Medellín,0.029464782427612496
993,19.407861544834322,-99.16471176984905,Calle Minatitlán,0.03814126768690215
994,19.40513529866282,-99.1629397510003,Avenida Medellín,0.032067144179301274
995,19.413353211373273,-99.16494578252073,Avenida Medellín,0.021961896982159737
996,19.403295068056938,-99.15971885703446,Viaducto Miguel Alemán,0.050207903432648346
997,19.418676572077718,-99.1572209180727,Avenida Álvaro Obregón,0.02440185041720555
998,19.4231923856293,-99.15640878690508,Callejón de San Cristóbal,0.052914724188185464
999,19.418972381879346,-99.17053970905876,Calle Durango,0.0343555451254254
